Car,Images(qty)
AM General Hummer SUV 2000,44
Acura RL Sedan 2012,32
Acura TL Sedan 2012,43
Acura TL Type-S 2008,42
Acura TSX Sedan 2012,40
Acura ZDX Hatchback 2012,39
Aston Martin V8 Vantage Convertible 2012,45
Aston Martin V8 Vantage Coupe 2012,41
Aston Martin Virage Convertible 2012,33
Aston Martin Virage Coupe 2012,38
Audi RS 4 Convertible 2008,36
Audi A5 Coupe 2012,41
Audi TTS Coupe 2012,42
Audi R8 Coupe 2012,43
Audi V8 Sedan 1994,43
Audi 100 Sedan 1994,40
Audi 100 Wagon 1994,42
Audi TT Hatchback 2011,40
Audi S6 Sedan 2011,46
Audi S5 Convertible 2012,42
Audi S5 Coupe 2012,42
Audi S4 Sedan 2012,39
Audi S4 Sedan 2007,45
Audi TT RS Coupe 2012,39
BMW ActiveHybrid 5 Sedan 2012,34
BMW 1 Series Convertible 2012,31
BMW 1 Series Coupe 2012,41
BMW 3 Series Sedan 2012,42
BMW 3 Series Wagon 2012,41
BMW 6 Series Convertible 2007,44
BMW X5 SUV 2007,41
BMW X6 SUV 2012,42
BMW M3 Coupe 2012,44
BMW M5 Sedan 2010,41
BMW M6 Convertible 2010,41
BMW X3 SUV 2012,38
BMW Z4 Convertible 2012,40
Bentley Continental Supersports Conv. Convertible 2012,36
Bentley Arnage Sedan 2009,39
Bentley Mulsanne Sedan 2011,35
Bentley Continental GT Coupe 2012,34
Bentley Continental GT Coupe 2007,46
Bentley Continental Flying Spur Sedan 2007,44
Bugatti Veyron 16.4 Convertible 2009,32
Bugatti Veyron 16.4 Coupe 2009,43
Buick Regal GS 2012,35
Buick Rainier SUV 2007,42
Buick Verano Sedan 2012,37
Buick Enclave SUV 2012,42
Cadillac CTS-V Sedan 2012,43
Cadillac SRX SUV 2012,41
Cadillac Escalade EXT Crew Cab 2007,44
